startedAt;percentage_cons;valuecons;total_sum_cons;percentage_prod;valueprod;total_sum_prod;cons_vs_prod;cons_vs_prod_limit;max_possible_cons_tot;total_to_be_paid;community_power_used-Marie-Anne;power_used_by_community;has_to_pay-Marie-Anne;power_sold_to_grid;has_to_receive-Madalin
;df-cons-Marie-Anne;df-cons-Marie-Anne;;df-prod-Madalin;df-prod-Madalin;;;;;;;;;;
2025-05-27 22:00:00+00:00;;0.0;0.0;;0.0;0.0;;;;;;;;;
2025-05-27 22:15:00+00:00;;0.0;0.0;;0.0;0.0;;;;;;;;;
2025-05-27 22:30:00+00:00;;0.0;0.0;;0.0;0.0;;;;;;;;;
2025-05-27 22:45:00+00:00;;0.0;0.0;;0.0;0.0;;;;;;;;;
2025-05-27 23:00:00+00:00;;0.0;0.0;;0.0;0.0;;;;;;;;;
2025-05-27 23:15:00+00:00;;0.0;0.0;;0.0;0.0;;;;;;;;;
2025-05-27 23:30:00+00:00;;0.0;0.0;;0.0;0.0;;;;;;;;;
2025-05-27 23:45:00+00:00;;0.0;0.0;;0.0;0.0;;;;;;;;;
2025-05-28 00:00:00+00:00;;0.0;0.0;;0.0;0.0;;;;;;;;;
2025-05-28 00:15:00+00:00;;0.0;0.0;;0.0;0.0;;;;;;;;;
2025-05-28 00:30:00+00:00;;0.0;0.0;;0.0;0.0;;;;;;;;;
2025-05-28 00:45:00+00:00;;0.0;0.0;;0.0;0.0;;;;;;;;;
2025-05-28 01:00:00+00:00;;0.0;0.0;;0.0;0.0;;;;;;;;;
2025-05-28 01:15:00+00:00;;0.0;0.0;;0.0;0.0;;;;;;;;;
2025-05-28 01:30:00+00:00;;0.0;0.0;;0.0;0.0;;;;;;;;;
2025-05-28 01:45:00+00:00;;0.0;0.0;;0.0;0.0;;;;;;;;;
2025-05-28 02:00:00+00:00;;0.0;0.0;;0.0;0.0;;;;;;;;;
2025-05-28 02:15:00+00:00;;0.0;0.0;;0.0;0.0;;;;;;;;;
2025-05-28 02:30:00+00:00;;0.0;0.0;;0.0;0.0;;;;;;;;;
2025-05-28 02:45:00+00:00;;0.0;0.0;;0.0;0.0;;;;;;;;;
2025-05-28 03:00:00+00:00;;0.0;0.0;;0.0;0.0;;;;;;;;;
2025-05-28 03:15:00+00:00;;0.0;0.0;;0.0;0.0;;;;;;;;;
2025-05-28 03:30:00+00:00;;0.0;0.0;;0.0;0.0;;;;;;;;;
2025-05-28 03:45:00+00:00;;0.0;0.0;;0.0;0.0;;;;;;;;;
2025-05-28 04:00:00+00:00;;0.0;0.0;;0.0;0.0;;;;;;;;;
2025-05-28 04:15:00+00:00;;0.0;0.0;;0.0;0.0;;;;;;;;;
2025-05-28 04:30:00+00:00;;0.0;0.0;;0.0;0.0;;;;;;;;;
2025-05-28 04:45:00+00:00;;0.0;0.0;;0.0;0.0;;;;;;;;;
2025-05-28 05:00:00+00:00;;0.0;0.0;;0.0;0.0;;;;;;;;;
2025-05-28 05:15:00+00:00;100.0;0.008;0.008;100.0;0.008;0.008;100.0;100.0;0.008;0.00022;0.008;0.008;0.00022;0.0;0.00022
2025-05-28 05:30:00+00:00;;0.0;0.0;;0.0;0.0;;;;;;;;;
2025-05-28 05:45:00+00:00;;0.0;0.0;;0.0;0.0;;;;;;;;;
2025-05-28 06:00:00+00:00;;0.0;0.0;;0.0;0.0;;;;;;;;;
2025-05-28 06:15:00+00:00;100.0;0.024;0.024;100.0;0.024;0.024;100.0;100.0;0.024;0.00066;0.024;0.024;0.00066;0.0;0.00066
2025-05-28 06:30:00+00:00;100.0;0.124;0.124;100.0;0.124;0.124;100.0;100.0;0.124;0.00341;0.124;0.124;0.00341;0.0;0.00341
2025-05-28 06:45:00+00:00;100.0;0.072;0.072;100.0;0.072;0.072;100.0;100.0;0.072;0.00198;0.072;0.072;0.00198;0.0;0.00198
2025-05-28 07:00:00+00:00;100.0;0.136;0.136;100.0;0.136;0.136;100.0;100.0;0.136;0.0037400000000000003;0.136;0.136;0.0037400000000000003;0.0;0.0037400000000000003
2025-05-28 07:15:00+00:00;100.0;0.208;0.208;100.0;0.208;0.208;100.0;100.0;0.208;0.005719999999999999;0.208;0.208;0.005719999999999999;0.0;0.005719999999999999
2025-05-28 07:30:00+00:00;100.0;0.256;0.256;100.0;0.256;0.256;100.0;100.0;0.256;0.00704;0.256;0.256;0.00704;0.0;0.00704
2025-05-28 07:45:00+00:00;100.0;0.092;0.092;100.0;0.092;0.092;100.0;100.0;0.092;0.00253;0.092;0.092;0.00253;0.0;0.00253
2025-05-28 08:00:00+00:00;100.0;0.124;0.124;100.0;0.124;0.124;100.0;100.0;0.124;0.00341;0.124;0.124;0.00341;0.0;0.00341
2025-05-28 08:15:00+00:00;100.0;0.136;0.136;100.0;0.136;0.136;100.0;100.0;0.136;0.0037400000000000003;0.136;0.136;0.0037400000000000003;0.0;0.0037400000000000003
2025-05-28 08:30:00+00:00;100.0;0.196;0.196;100.0;0.196;0.196;100.0;100.0;0.196;0.00539;0.196;0.196;0.00539;0.0;0.00539
2025-05-28 08:45:00+00:00;100.0;0.12;0.12;100.0;0.12;0.12;100.0;100.0;0.12;0.0033;0.12;0.12;0.0033;0.0;0.0033
2025-05-28 09:00:00+00:00;100.0;0.08;0.08;100.0;0.08;0.08;100.0;100.0;0.08;0.0022;0.08;0.08;0.0022;0.0;0.0022
2025-05-28 09:15:00+00:00;100.0;0.184;0.184;100.0;0.184;0.184;100.0;100.0;0.184;0.00506;0.184;0.184;0.00506;0.0;0.00506
2025-05-28 09:30:00+00:00;100.0;0.156;0.156;100.0;0.156;0.156;100.0;100.0;0.156;0.00429;0.156;0.156;0.00429;0.0;0.00429
2025-05-28 09:45:00+00:00;100.0;0.128;0.128;100.0;0.128;0.128;100.0;100.0;0.128;0.00352;0.128;0.128;0.00352;0.0;0.00352
2025-05-28 10:00:00+00:00;100.0;0.108;0.108;100.0;0.108;0.108;100.0;100.0;0.108;0.00297;0.108;0.108;0.00297;0.0;0.00297
2025-05-28 10:15:00+00:00;100.0;0.076;0.076;100.0;0.076;0.076;100.0;100.0;0.076;0.00209;0.076;0.076;0.00209;0.0;0.00209
2025-05-28 10:30:00+00:00;100.0;0.08;0.08;100.0;0.08;0.08;100.0;100.0;0.08;0.0022;0.08;0.08;0.0022;0.0;0.0022
2025-05-28 10:45:00+00:00;100.0;0.116;0.116;100.0;0.116;0.116;100.0;100.0;0.116;0.00319;0.116;0.116;0.00319;0.0;0.00319
2025-05-28 11:00:00+00:00;100.0;0.108;0.108;100.0;0.108;0.108;100.0;100.0;0.108;0.00297;0.108;0.108;0.00297;0.0;0.00297
2025-05-28 11:15:00+00:00;100.0;0.092;0.092;100.0;0.092;0.092;100.0;100.0;0.092;0.00253;0.092;0.092;0.00253;0.0;0.00253
2025-05-28 11:30:00+00:00;100.0;0.08;0.08;100.0;0.08;0.08;100.0;100.0;0.08;0.0022;0.08;0.08;0.0022;0.0;0.0022
2025-05-28 11:45:00+00:00;100.0;0.136;0.136;100.0;0.136;0.136;100.0;100.0;0.136;0.0037400000000000003;0.136;0.136;0.0037400000000000003;0.0;0.0037400000000000003
2025-05-28 12:00:00+00:00;100.0;0.172;0.172;100.0;0.172;0.172;100.0;100.0;0.172;0.00473;0.172;0.172;0.00473;0.0;0.00473
2025-05-28 12:15:00+00:00;100.0;0.1;0.1;100.0;0.1;0.1;100.0;100.0;0.1;0.0027500000000000003;0.1;0.1;0.0027500000000000003;0.0;0.0027500000000000003
2025-05-28 12:30:00+00:00;100.0;0.08;0.08;100.0;0.08;0.08;100.0;100.0;0.08;0.0022;0.08;0.08;0.0022;0.0;0.0022
2025-05-28 12:45:00+00:00;100.0;0.084;0.084;100.0;0.084;0.084;100.0;100.0;0.084;0.00231;0.084;0.084;0.00231;0.0;0.00231
2025-05-28 13:00:00+00:00;100.0;0.132;0.132;100.0;0.132;0.132;100.0;100.0;0.132;0.00363;0.132;0.132;0.00363;0.0;0.00363
2025-05-28 13:15:00+00:00;100.0;0.112;0.112;100.0;0.112;0.112;100.0;100.0;0.112;0.0030800000000000003;0.112;0.112;0.0030800000000000003;0.0;0.0030800000000000003
2025-05-28 13:30:00+00:00;100.0;0.08;0.08;100.0;0.08;0.08;100.0;100.0;0.08;0.0022;0.08;0.08;0.0022;0.0;0.0022
2025-05-28 13:45:00+00:00;100.0;0.128;0.128;100.0;0.128;0.128;100.0;100.0;0.128;0.00352;0.128;0.128;0.00352;0.0;0.00352
2025-05-28 14:00:00+00:00;100.0;0.104;0.104;100.0;0.104;0.104;100.0;100.0;0.104;0.0028599999999999997;0.104;0.104;0.0028599999999999997;0.0;0.0028599999999999997
2025-05-28 14:15:00+00:00;100.0;0.132;0.132;100.0;0.132;0.132;100.0;100.0;0.132;0.00363;0.132;0.132;0.00363;0.0;0.00363
2025-05-28 14:30:00+00:00;100.0;0.092;0.092;100.0;0.092;0.092;100.0;100.0;0.092;0.00253;0.092;0.092;0.00253;0.0;0.00253
2025-05-28 14:45:00+00:00;100.0;0.08;0.08;100.0;0.08;0.08;100.0;100.0;0.08;0.0022;0.08;0.08;0.0022;0.0;0.0022
2025-05-28 15:00:00+00:00;100.0;0.12;0.12;100.0;0.12;0.12;100.0;100.0;0.12;0.0033;0.12;0.12;0.0033;0.0;0.0033
2025-05-28 15:15:00+00:00;100.0;0.164;0.164;100.0;0.164;0.164;100.0;100.0;0.164;0.00451;0.164;0.164;0.00451;0.0;0.00451
2025-05-28 15:30:00+00:00;100.0;0.104;0.104;100.0;0.104;0.104;100.0;100.0;0.104;0.0028599999999999997;0.104;0.104;0.0028599999999999997;0.0;0.0028599999999999997
2025-05-28 15:45:00+00:00;100.0;0.08;0.08;100.0;0.08;0.08;100.0;100.0;0.08;0.0022;0.08;0.08;0.0022;0.0;0.0022
2025-05-28 16:00:00+00:00;100.0;0.084;0.084;100.0;0.084;0.084;100.0;100.0;0.084;0.00231;0.084;0.084;0.00231;0.0;0.00231
2025-05-28 16:15:00+00:00;100.0;0.112;0.112;100.0;0.112;0.112;100.0;100.0;0.112;0.0030800000000000003;0.112;0.112;0.0030800000000000003;0.0;0.0030800000000000003
2025-05-28 16:30:00+00:00;100.0;0.132;0.132;100.0;0.132;0.132;100.0;100.0;0.132;0.00363;0.132;0.132;0.00363;0.0;0.00363
2025-05-28 16:45:00+00:00;100.0;0.14;0.14;100.0;0.14;0.14;100.0;100.0;0.14;0.0038500000000000006;0.14;0.14;0.0038500000000000006;0.0;0.0038500000000000006
2025-05-28 17:00:00+00:00;100.0;0.08;0.08;100.0;0.08;0.08;100.0;100.0;0.08;0.0022;0.08;0.08;0.0022;0.0;0.0022
2025-05-28 17:15:00+00:00;100.0;0.104;0.104;100.0;0.104;0.104;100.0;100.0;0.104;0.0028599999999999997;0.104;0.104;0.0028599999999999997;0.0;0.0028599999999999997
2025-05-28 17:30:00+00:00;100.0;0.112;0.112;100.0;0.112;0.112;100.0;100.0;0.112;0.0030800000000000003;0.112;0.112;0.0030800000000000003;0.0;0.0030800000000000003
2025-05-28 17:45:00+00:00;100.0;0.016;0.016;100.0;0.016;0.016;100.0;100.0;0.016;0.00044;0.016;0.016;0.00044;0.0;0.00044
2025-05-28 18:00:00+00:00;;0.0;0.0;;0.0;0.0;;;;;;;;;
2025-05-28 18:15:00+00:00;;0.0;0.0;;0.0;0.0;;;;;;;;;
2025-05-28 18:30:00+00:00;;0.0;0.0;;0.0;0.0;;;;;;;;;
2025-05-28 18:45:00+00:00;;0.0;0.0;;0.0;0.0;;;;;;;;;
2025-05-28 19:00:00+00:00;;0.0;0.0;;0.0;0.0;;;;;;;;;
2025-05-28 19:15:00+00:00;;0.0;0.0;;0.0;0.0;;;;;;;;;
2025-05-28 19:30:00+00:00;;0.0;0.0;;0.0;0.0;;;;;;;;;
2025-05-28 19:45:00+00:00;;0.0;0.0;;0.0;0.0;;;;;;;;;
2025-05-28 20:00:00+00:00;;0.0;0.0;;0.0;0.0;;;;;;;;;
2025-05-28 20:15:00+00:00;;0.0;0.0;;0.0;0.0;;;;;;;;;
2025-05-28 20:30:00+00:00;;0.0;0.0;;0.0;0.0;;;;;;;;;
2025-05-28 20:45:00+00:00;;0.0;0.0;;0.0;0.0;;;;;;;;;
2025-05-28 21:00:00+00:00;;0.0;0.0;;0.0;0.0;;;;;;;;;
2025-05-28 21:15:00+00:00;;0.0;0.0;;0.0;0.0;;;;;;;;;
2025-05-28 21:30:00+00:00;;0.0;0.0;;0.0;0.0;;;;;;;;;
2025-05-28 21:45:00+00:00;;0.0;0.0;;0.0;0.0;;;;;;;;;
2025-05-28 22:00:00+00:00;;0.0;0.0;;0.0;0.0;;;;;;;;;
2025-05-28 22:15:00+00:00;;0.0;0.0;;0.0;0.0;;;;;;;;;
2025-05-28 22:30:00+00:00;;0.0;0.0;;0.0;0.0;;;;;;;;;
2025-05-28 22:45:00+00:00;;0.0;0.0;;0.0;0.0;;;;;;;;;
2025-05-28 23:00:00+00:00;;0.0;0.0;;0.0;0.0;;;;;;;;;
2025-05-28 23:15:00+00:00;;0.0;0.0;;0.0;0.0;;;;;;;;;
2025-05-28 23:30:00+00:00;;0.0;0.0;;0.0;0.0;;;;;;;;;
2025-05-28 23:45:00+00:00;;0.0;0.0;;0.0;0.0;;;;;;;;;
2025-05-29 00:00:00+00:00;;0.0;0.0;;0.0;0.0;;;;;;;;;
2025-05-29 00:15:00+00:00;;0.0;0.0;;0.0;0.0;;;;;;;;;
2025-05-29 00:30:00+00:00;;0.0;0.0;;0.0;0.0;;;;;;;;;
2025-05-29 00:45:00+00:00;;0.0;0.0;;0.0;0.0;;;;;;;;;
2025-05-29 01:00:00+00:00;;0.0;0.0;;0.0;0.0;;;;;;;;;
2025-05-29 01:15:00+00:00;;0.0;0.0;;0.0;0.0;;;;;;;;;
2025-05-29 01:30:00+00:00;;0.0;0.0;;0.0;0.0;;;;;;;;;
2025-05-29 01:45:00+00:00;;0.0;0.0;;0.0;0.0;;;;;;;;;
2025-05-29 02:00:00+00:00;;0.0;0.0;;0.0;0.0;;;;;;;;;
2025-05-29 02:15:00+00:00;;0.0;0.0;;0.0;0.0;;;;;;;;;
2025-05-29 02:30:00+00:00;;0.0;0.0;;0.0;0.0;;;;;;;;;
2025-05-29 02:45:00+00:00;;0.0;0.0;;0.0;0.0;;;;;;;;;
2025-05-29 03:00:00+00:00;;0.0;0.0;;0.0;0.0;;;;;;;;;
2025-05-29 03:15:00+00:00;;0.0;0.0;;0.0;0.0;;;;;;;;;
2025-05-29 03:30:00+00:00;;0.0;0.0;;0.0;0.0;;;;;;;;;
2025-05-29 03:45:00+00:00;;0.0;0.0;;0.0;0.0;;;;;;;;;
2025-05-29 04:00:00+00:00;;0.0;0.0;;0.0;0.0;;;;;;;;;
2025-05-29 04:15:00+00:00;100.0;0.004;0.004;100.0;0.004;0.004;100.0;100.0;0.004;0.00011;0.004;0.004;0.00011;0.0;0.00011
2025-05-29 04:30:00+00:00;;0.0;0.0;;0.0;0.0;;;;;;;;;
2025-05-29 04:45:00+00:00;100.0;0.024;0.024;100.0;0.024;0.024;100.0;100.0;0.024;0.00066;0.024;0.024;0.00066;0.0;0.00066
2025-05-29 05:00:00+00:00;100.0;0.044;0.044;100.0;0.044;0.044;100.0;100.0;0.044;0.00121;0.044;0.044;0.00121;0.0;0.00121
2025-05-29 05:15:00+00:00;100.0;0.104;0.104;100.0;0.104;0.104;100.0;100.0;0.104;0.0028599999999999997;0.104;0.104;0.0028599999999999997;0.0;0.0028599999999999997
2025-05-29 05:30:00+00:00;100.0;0.084;0.084;100.0;0.084;0.084;100.0;100.0;0.084;0.00231;0.084;0.084;0.00231;0.0;0.00231
2025-05-29 05:45:00+00:00;100.0;0.16;0.16;100.0;0.16;0.16;100.0;100.0;0.16;0.0044;0.16;0.16;0.0044;0.0;0.0044
2025-05-29 06:00:00+00:00;100.0;0.112;0.112;100.0;0.112;0.112;100.0;100.0;0.112;0.0030800000000000003;0.112;0.112;0.0030800000000000003;0.0;0.0030800000000000003
2025-05-29 06:15:00+00:00;100.0;0.096;0.096;100.0;0.096;0.096;100.0;100.0;0.096;0.00264;0.096;0.096;0.00264;0.0;0.00264
2025-05-29 06:30:00+00:00;100.0;0.096;0.096;100.0;0.096;0.096;100.0;100.0;0.096;0.00264;0.096;0.096;0.00264;0.0;0.00264
2025-05-29 06:45:00+00:00;100.0;0.092;0.092;100.0;0.092;0.092;100.0;100.0;0.092;0.00253;0.092;0.092;0.00253;0.0;0.00253
2025-05-29 07:00:00+00:00;;0.0;0.0;;0.0;0.0;;;;;;;;;
2025-05-29 07:15:00+00:00;100.0;0.152;0.152;100.0;0.152;0.152;100.0;100.0;0.152;0.00418;0.152;0.152;0.00418;0.0;0.00418
2025-05-29 07:30:00+00:00;100.0;0.104;0.104;100.0;0.104;0.104;100.0;100.0;0.104;0.0028599999999999997;0.104;0.104;0.0028599999999999997;0.0;0.0028599999999999997
2025-05-29 07:45:00+00:00;100.0;0.092;0.092;100.0;0.092;0.092;100.0;100.0;0.092;0.00253;0.092;0.092;0.00253;0.0;0.00253
2025-05-29 08:00:00+00:00;100.0;0.108;0.108;100.0;0.108;0.108;100.0;100.0;0.108;0.00297;0.108;0.108;0.00297;0.0;0.00297
2025-05-29 08:15:00+00:00;100.0;0.104;0.104;100.0;0.104;0.104;100.0;100.0;0.104;0.0028599999999999997;0.104;0.104;0.0028599999999999997;0.0;0.0028599999999999997
2025-05-29 08:30:00+00:00;100.0;0.08;0.08;100.0;0.08;0.08;100.0;100.0;0.08;0.0022;0.08;0.08;0.0022;0.0;0.0022
2025-05-29 08:45:00+00:00;100.0;0.164;0.164;100.0;0.164;0.164;100.0;100.0;0.164;0.00451;0.164;0.164;0.00451;0.0;0.00451
2025-05-29 09:00:00+00:00;100.0;0.112;0.112;100.0;0.112;0.112;100.0;100.0;0.112;0.0030800000000000003;0.112;0.112;0.0030800000000000003;0.0;0.0030800000000000003
2025-05-29 09:15:00+00:00;100.0;0.108;0.108;100.0;0.108;0.108;100.0;100.0;0.108;0.00297;0.108;0.108;0.00297;0.0;0.00297
2025-05-29 09:30:00+00:00;100.0;0.084;0.084;100.0;0.084;0.084;100.0;100.0;0.084;0.00231;0.084;0.084;0.00231;0.0;0.00231
2025-05-29 09:45:00+00:00;100.0;0.1;0.1;100.0;0.1;0.1;100.0;100.0;0.1;0.0027500000000000003;0.1;0.1;0.0027500000000000003;0.0;0.0027500000000000003
2025-05-29 10:00:00+00:00;100.0;0.108;0.108;100.0;0.108;0.108;100.0;100.0;0.108;0.00297;0.108;0.108;0.00297;0.0;0.00297
2025-05-29 10:15:00+00:00;100.0;0.164;0.164;100.0;0.164;0.164;100.0;100.0;0.164;0.00451;0.164;0.164;0.00451;0.0;0.00451
2025-05-29 10:30:00+00:00;100.0;0.092;0.092;100.0;0.092;0.092;100.0;100.0;0.092;0.00253;0.092;0.092;0.00253;0.0;0.00253
2025-05-29 10:45:00+00:00;100.0;0.084;0.084;100.0;0.084;0.084;100.0;100.0;0.084;0.00231;0.084;0.084;0.00231;0.0;0.00231
2025-05-29 11:00:00+00:00;100.0;0.12;0.12;100.0;0.12;0.12;100.0;100.0;0.12;0.0033;0.12;0.12;0.0033;0.0;0.0033
2025-05-29 11:15:00+00:00;100.0;0.108;0.108;100.0;0.108;0.108;100.0;100.0;0.108;0.00297;0.108;0.108;0.00297;0.0;0.00297
2025-05-29 11:30:00+00:00;100.0;0.1;0.1;100.0;0.1;0.1;100.0;100.0;0.1;0.0027500000000000003;0.1;0.1;0.0027500000000000003;0.0;0.0027500000000000003
2025-05-29 11:45:00+00:00;100.0;0.136;0.136;100.0;0.136;0.136;100.0;100.0;0.136;0.0037400000000000003;0.136;0.136;0.0037400000000000003;0.0;0.0037400000000000003
2025-05-29 12:00:00+00:00;100.0;0.116;0.116;100.0;0.116;0.116;100.0;100.0;0.116;0.00319;0.116;0.116;0.00319;0.0;0.00319
2025-05-29 12:15:00+00:00;100.0;0.112;0.112;100.0;0.112;0.112;100.0;100.0;0.112;0.0030800000000000003;0.112;0.112;0.0030800000000000003;0.0;0.0030800000000000003
2025-05-29 12:30:00+00:00;100.0;0.1;0.1;100.0;0.1;0.1;100.0;100.0;0.1;0.0027500000000000003;0.1;0.1;0.0027500000000000003;0.0;0.0027500000000000003
2025-05-29 12:45:00+00:00;100.0;0.08;0.08;100.0;0.08;0.08;100.0;100.0;0.08;0.0022;0.08;0.08;0.0022;0.0;0.0022
2025-05-29 13:00:00+00:00;100.0;0.096;0.096;100.0;0.096;0.096;100.0;100.0;0.096;0.00264;0.096;0.096;0.00264;0.0;0.00264
2025-05-29 13:15:00+00:00;100.0;0.16;0.16;100.0;0.16;0.16;100.0;100.0;0.16;0.0044;0.16;0.16;0.0044;0.0;0.0044
2025-05-29 13:30:00+00:00;100.0;0.14;0.14;100.0;0.14;0.14;100.0;100.0;0.14;0.0038500000000000006;0.14;0.14;0.0038500000000000006;0.0;0.0038500000000000006
2025-05-29 13:45:00+00:00;100.0;0.112;0.112;100.0;0.112;0.112;100.0;100.0;0.112;0.0030800000000000003;0.112;0.112;0.0030800000000000003;0.0;0.0030800000000000003
2025-05-29 14:00:00+00:00;100.0;0.112;0.112;100.0;0.112;0.112;100.0;100.0;0.112;0.0030800000000000003;0.112;0.112;0.0030800000000000003;0.0;0.0030800000000000003
2025-05-29 14:15:00+00:00;100.0;0.124;0.124;100.0;0.124;0.124;100.0;100.0;0.124;0.00341;0.124;0.124;0.00341;0.0;0.00341
2025-05-29 14:30:00+00:00;100.0;0.12;0.12;100.0;0.12;0.12;100.0;100.0;0.12;0.0033;0.12;0.12;0.0033;0.0;0.0033
2025-05-29 14:45:00+00:00;100.0;0.112;0.112;100.0;0.112;0.112;100.0;100.0;0.112;0.0030800000000000003;0.112;0.112;0.0030800000000000003;0.0;0.0030800000000000003
2025-05-29 15:00:00+00:00;100.0;0.184;0.184;100.0;0.184;0.184;100.0;100.0;0.184;0.00506;0.184;0.184;0.00506;0.0;0.00506
2025-05-29 15:15:00+00:00;100.0;0.128;0.128;100.0;0.128;0.128;100.0;100.0;0.128;0.00352;0.128;0.128;0.00352;0.0;0.00352
2025-05-29 15:30:00+00:00;100.0;0.16;0.16;100.0;0.16;0.16;100.0;100.0;0.16;0.0044;0.16;0.16;0.0044;0.0;0.0044
2025-05-29 15:45:00+00:00;100.0;0.128;0.128;100.0;0.128;0.128;100.0;100.0;0.128;0.00352;0.128;0.128;0.00352;0.0;0.00352
2025-05-29 16:00:00+00:00;100.0;0.264;0.264;100.0;0.264;0.264;100.0;100.0;0.264;0.00726;0.264;0.264;0.00726;0.0;0.00726
2025-05-29 16:15:00+00:00;100.0;0.092;0.092;100.0;0.092;0.092;100.0;100.0;0.092;0.00253;0.092;0.092;0.00253;0.0;0.00253
2025-05-29 16:30:00+00:00;100.0;0.288;0.288;100.0;0.288;0.288;100.0;100.0;0.288;0.00792;0.288;0.288;0.00792;0.0;0.00792
2025-05-29 16:45:00+00:00;100.0;0.196;0.196;100.0;0.196;0.196;100.0;100.0;0.196;0.00539;0.196;0.196;0.00539;0.0;0.00539
2025-05-29 17:00:00+00:00;100.0;0.132;0.132;100.0;0.132;0.132;100.0;100.0;0.132;0.00363;0.132;0.132;0.00363;0.0;0.00363
2025-05-29 17:15:00+00:00;100.0;0.096;0.096;100.0;0.096;0.096;100.0;100.0;0.096;0.00264;0.096;0.096;0.00264;0.0;0.00264
2025-05-29 17:30:00+00:00;100.0;0.08;0.08;100.0;0.08;0.08;100.0;100.0;0.08;0.0022;0.08;0.08;0.0022;0.0;0.0022
2025-05-29 17:45:00+00:00;100.0;0.064;0.064;100.0;0.064;0.064;100.0;100.0;0.064;0.00176;0.064;0.064;0.00176;0.0;0.00176
2025-05-29 18:00:00+00:00;100.0;0.044;0.044;100.0;0.044;0.044;100.0;100.0;0.044;0.00121;0.044;0.044;0.00121;0.0;0.00121
2025-05-29 18:15:00+00:00;100.0;0.028;0.028;100.0;0.028;0.028;100.0;100.0;0.028;0.0007700000000000001;0.028;0.028;0.0007700000000000001;0.0;0.0007700000000000001
2025-05-29 18:30:00+00:00;;0.0;0.0;;0.0;0.0;;;;;;;;;
2025-05-29 18:45:00+00:00;;0.0;0.0;;0.0;0.0;;;;;;;;;
2025-05-29 19:00:00+00:00;;0.0;0.0;;0.0;0.0;;;;;;;;;
2025-05-29 19:15:00+00:00;;0.0;0.0;;0.0;0.0;;;;;;;;;
2025-05-29 19:30:00+00:00;;0.0;0.0;;0.0;0.0;;;;;;;;;
2025-05-29 19:45:00+00:00;;0.0;0.0;;0.0;0.0;;;;;;;;;
2025-05-29 20:00:00+00:00;;0.0;0.0;;0.0;0.0;;;;;;;;;
2025-05-29 20:15:00+00:00;;0.0;0.0;;0.0;0.0;;;;;;;;;
2025-05-29 20:30:00+00:00;;0.0;0.0;;0.0;0.0;;;;;;;;;
2025-05-29 20:45:00+00:00;;0.0;0.0;;0.0;0.0;;;;;;;;;
2025-05-29 21:00:00+00:00;;0.0;0.0;;0.0;0.0;;;;;;;;;
2025-05-29 21:15:00+00:00;;0.0;0.0;;0.0;0.0;;;;;;;;;
2025-05-29 21:30:00+00:00;;0.0;0.0;;0.0;0.0;;;;;;;;;
2025-05-29 21:45:00+00:00;;0.0;0.0;;0.0;0.0;;;;;;;;;
2025-05-29 22:00:00+00:00;;0.0;0.0;;0.0;0.0;;;;;;;;;
2025-05-29 22:15:00+00:00;;0.0;0.0;;0.0;0.0;;;;;;;;;
2025-05-29 22:30:00+00:00;;0.0;0.0;;0.0;0.0;;;;;;;;;
2025-05-29 22:45:00+00:00;;0.0;0.0;;0.0;0.0;;;;;;;;;
2025-05-29 23:00:00+00:00;;0.0;0.0;;0.0;0.0;;;;;;;;;
2025-05-29 23:15:00+00:00;;0.0;0.0;;0.0;0.0;;;;;;;;;
2025-05-29 23:30:00+00:00;;0.0;0.0;;0.0;0.0;;;;;;;;;
2025-05-29 23:45:00+00:00;;0.0;0.0;;0.0;0.0;;;;;;;;;
2025-05-30 00:00:00+00:00;;0.0;0.0;;0.0;0.0;;;;;;;;;
2025-05-30 00:15:00+00:00;;0.0;0.0;;0.0;0.0;;;;;;;;;
2025-05-30 00:30:00+00:00;;0.0;0.0;;0.0;0.0;;;;;;;;;
2025-05-30 00:45:00+00:00;;0.0;0.0;;0.0;0.0;;;;;;;;;
2025-05-30 01:00:00+00:00;;0.0;0.0;;0.0;0.0;;;;;;;;;
2025-05-30 01:15:00+00:00;;0.0;0.0;;0.0;0.0;;;;;;;;;
2025-05-30 01:30:00+00:00;;0.0;0.0;;0.0;0.0;;;;;;;;;
2025-05-30 01:45:00+00:00;;0.0;0.0;;0.0;0.0;;;;;;;;;
2025-05-30 02:00:00+00:00;;0.0;0.0;;0.0;0.0;;;;;;;;;
2025-05-30 02:15:00+00:00;;0.0;0.0;;0.0;0.0;;;;;;;;;
2025-05-30 02:30:00+00:00;;0.0;0.0;;0.0;0.0;;;;;;;;;
2025-05-30 02:45:00+00:00;;0.0;0.0;;0.0;0.0;;;;;;;;;
2025-05-30 03:00:00+00:00;;0.0;0.0;;0.0;0.0;;;;;;;;;
2025-05-30 03:15:00+00:00;;0.0;0.0;;0.0;0.0;;;;;;;;;
2025-05-30 03:30:00+00:00;;0.0;0.0;;0.0;0.0;;;;;;;;;
2025-05-30 03:45:00+00:00;;0.0;0.0;;0.0;0.0;;;;;;;;;
2025-05-30 04:00:00+00:00;;0.0;0.0;;0.0;0.0;;;;;;;;;
2025-05-30 04:15:00+00:00;;0.0;0.0;;0.0;0.0;;;;;;;;;
2025-05-30 04:30:00+00:00;100.0;0.024;0.024;100.0;0.024;0.024;100.0;100.0;0.024;0.00066;0.024;0.024;0.00066;0.0;0.00066
2025-05-30 04:45:00+00:00;100.0;0.128;0.128;100.0;0.128;0.128;100.0;100.0;0.128;0.00352;0.128;0.128;0.00352;0.0;0.00352
2025-05-30 05:00:00+00:00;100.0;0.152;0.152;100.0;0.152;0.152;100.0;100.0;0.152;0.00418;0.152;0.152;0.00418;0.0;0.00418
2025-05-30 05:15:00+00:00;100.0;0.108;0.108;100.0;0.108;0.108;100.0;100.0;0.108;0.00297;0.108;0.108;0.00297;0.0;0.00297
2025-05-30 05:30:00+00:00;100.0;0.08;0.08;100.0;0.08;0.08;100.0;100.0;0.08;0.0022;0.08;0.08;0.0022;0.0;0.0022
2025-05-30 05:45:00+00:00;100.0;0.084;0.084;100.0;0.084;0.084;100.0;100.0;0.084;0.00231;0.084;0.084;0.00231;0.0;0.00231
2025-05-30 06:00:00+00:00;100.0;0.112;0.112;100.0;0.112;0.112;100.0;100.0;0.112;0.0030800000000000003;0.112;0.112;0.0030800000000000003;0.0;0.0030800000000000003
2025-05-30 06:15:00+00:00;100.0;0.16;0.16;100.0;0.16;0.16;100.0;100.0;0.16;0.0044;0.16;0.16;0.0044;0.0;0.0044
2025-05-30 06:30:00+00:00;100.0;0.14;0.14;100.0;0.14;0.14;100.0;100.0;0.14;0.0038500000000000006;0.14;0.14;0.0038500000000000006;0.0;0.0038500000000000006
2025-05-30 06:45:00+00:00;100.0;0.112;0.112;100.0;0.112;0.112;100.0;100.0;0.112;0.0030800000000000003;0.112;0.112;0.0030800000000000003;0.0;0.0030800000000000003
2025-05-30 07:00:00+00:00;100.0;0.112;0.112;100.0;0.112;0.112;100.0;100.0;0.112;0.0030800000000000003;0.112;0.112;0.0030800000000000003;0.0;0.0030800000000000003
2025-05-30 07:15:00+00:00;100.0;0.12;0.12;100.0;0.12;0.12;100.0;100.0;0.12;0.0033;0.12;0.12;0.0033;0.0;0.0033
2025-05-30 07:30:00+00:00;100.0;0.128;0.128;100.0;0.128;0.128;100.0;100.0;0.128;0.00352;0.128;0.128;0.00352;0.0;0.00352
2025-05-30 07:45:00+00:00;100.0;0.124;0.124;100.0;0.124;0.124;100.0;100.0;0.124;0.00341;0.124;0.124;0.00341;0.0;0.00341
2025-05-30 08:00:00+00:00;100.0;0.272;0.272;100.0;0.272;0.272;100.0;100.0;0.272;0.0074800000000000005;0.272;0.272;0.0074800000000000005;0.0;0.0074800000000000005
2025-05-30 08:15:00+00:00;100.0;0.2;0.2;100.0;0.2;0.2;100.0;100.0;0.2;0.0055000000000000005;0.2;0.2;0.0055000000000000005;0.0;0.0055000000000000005
2025-05-30 08:30:00+00:00;100.0;0.152;0.152;100.0;0.152;0.152;100.0;100.0;0.152;0.00418;0.152;0.152;0.00418;0.0;0.00418
2025-05-30 08:45:00+00:00;100.0;0.256;0.256;100.0;0.256;0.256;100.0;100.0;0.256;0.00704;0.256;0.256;0.00704;0.0;0.00704
2025-05-30 09:00:00+00:00;100.0;0.112;0.112;100.0;0.112;0.112;100.0;100.0;0.112;0.0030800000000000003;0.112;0.112;0.0030800000000000003;0.0;0.0030800000000000003
2025-05-30 09:15:00+00:00;100.0;0.116;0.116;100.0;0.116;0.116;100.0;100.0;0.116;0.00319;0.116;0.116;0.00319;0.0;0.00319
2025-05-30 09:30:00+00:00;100.0;0.148;0.148;100.0;0.148;0.148;100.0;100.0;0.148;0.00407;0.148;0.148;0.00407;0.0;0.00407
2025-05-30 09:45:00+00:00;100.0;0.148;0.148;100.0;0.148;0.148;100.0;100.0;0.148;0.00407;0.148;0.148;0.00407;0.0;0.00407
2025-05-30 10:00:00+00:00;100.0;0.128;0.128;100.0;0.128;0.128;100.0;100.0;0.128;0.00352;0.128;0.128;0.00352;0.0;0.00352
2025-05-30 10:15:00+00:00;100.0;0.132;0.132;100.0;0.132;0.132;100.0;100.0;0.132;0.00363;0.132;0.132;0.00363;0.0;0.00363
2025-05-30 10:30:00+00:00;100.0;0.08;0.08;100.0;0.08;0.08;100.0;100.0;0.08;0.0022;0.08;0.08;0.0022;0.0;0.0022
2025-05-30 10:45:00+00:00;100.0;0.104;0.104;100.0;0.104;0.104;100.0;100.0;0.104;0.0028599999999999997;0.104;0.104;0.0028599999999999997;0.0;0.0028599999999999997
2025-05-30 11:00:00+00:00;100.0;0.108;0.108;100.0;0.108;0.108;100.0;100.0;0.108;0.00297;0.108;0.108;0.00297;0.0;0.00297
2025-05-30 11:15:00+00:00;100.0;0.108;0.108;100.0;0.108;0.108;100.0;100.0;0.108;0.00297;0.108;0.108;0.00297;0.0;0.00297
2025-05-30 11:30:00+00:00;100.0;0.096;0.096;100.0;0.096;0.096;100.0;100.0;0.096;0.00264;0.096;0.096;0.00264;0.0;0.00264
2025-05-30 11:45:00+00:00;100.0;0.08;0.08;100.0;0.08;0.08;100.0;100.0;0.08;0.0022;0.08;0.08;0.0022;0.0;0.0022
2025-05-30 12:00:00+00:00;100.0;0.164;0.164;100.0;0.164;0.164;100.0;100.0;0.164;0.00451;0.164;0.164;0.00451;0.0;0.00451
2025-05-30 12:15:00+00:00;100.0;0.112;0.112;100.0;0.112;0.112;100.0;100.0;0.112;0.0030800000000000003;0.112;0.112;0.0030800000000000003;0.0;0.0030800000000000003
2025-05-30 12:30:00+00:00;100.0;0.104;0.104;100.0;0.104;0.104;100.0;100.0;0.104;0.0028599999999999997;0.104;0.104;0.0028599999999999997;0.0;0.0028599999999999997
2025-05-30 12:45:00+00:00;100.0;0.08;0.08;100.0;0.08;0.08;100.0;100.0;0.08;0.0022;0.08;0.08;0.0022;0.0;0.0022
2025-05-30 13:00:00+00:00;100.0;0.112;0.112;100.0;0.112;0.112;100.0;100.0;0.112;0.0030800000000000003;0.112;0.112;0.0030800000000000003;0.0;0.0030800000000000003
2025-05-30 13:15:00+00:00;100.0;0.112;0.112;100.0;0.112;0.112;100.0;100.0;0.112;0.0030800000000000003;0.112;0.112;0.0030800000000000003;0.0;0.0030800000000000003
2025-05-30 13:30:00+00:00;100.0;0.104;0.104;100.0;0.104;0.104;100.0;100.0;0.104;0.0028599999999999997;0.104;0.104;0.0028599999999999997;0.0;0.0028599999999999997
2025-05-30 13:45:00+00:00;100.0;0.136;0.136;100.0;0.136;0.136;100.0;100.0;0.136;0.0037400000000000003;0.136;0.136;0.0037400000000000003;0.0;0.0037400000000000003
2025-05-30 14:00:00+00:00;100.0;0.084;0.084;100.0;0.084;0.084;100.0;100.0;0.084;0.00231;0.084;0.084;0.00231;0.0;0.00231
2025-05-30 14:15:00+00:00;100.0;0.136;0.136;100.0;0.136;0.136;100.0;100.0;0.136;0.0037400000000000003;0.136;0.136;0.0037400000000000003;0.0;0.0037400000000000003
2025-05-30 14:30:00+00:00;100.0;0.112;0.112;100.0;0.112;0.112;100.0;100.0;0.112;0.0030800000000000003;0.112;0.112;0.0030800000000000003;0.0;0.0030800000000000003
2025-05-30 14:45:00+00:00;100.0;0.084;0.084;100.0;0.084;0.084;100.0;100.0;0.084;0.00231;0.084;0.084;0.00231;0.0;0.00231
2025-05-30 15:00:00+00:00;100.0;0.08;0.08;100.0;0.08;0.08;100.0;100.0;0.08;0.0022;0.08;0.08;0.0022;0.0;0.0022
2025-05-30 15:15:00+00:00;100.0;0.124;0.124;100.0;0.124;0.124;100.0;100.0;0.124;0.00341;0.124;0.124;0.00341;0.0;0.00341
2025-05-30 15:30:00+00:00;100.0;0.168;0.168;100.0;0.168;0.168;100.0;100.0;0.168;0.00462;0.168;0.168;0.00462;0.0;0.00462
2025-05-30 15:45:00+00:00;100.0;0.088;0.088;100.0;0.088;0.088;100.0;100.0;0.088;0.00242;0.088;0.088;0.00242;0.0;0.00242
2025-05-30 16:00:00+00:00;100.0;0.084;0.084;100.0;0.084;0.084;100.0;100.0;0.084;0.00231;0.084;0.084;0.00231;0.0;0.00231
2025-05-30 16:15:00+00:00;100.0;0.1;0.1;100.0;0.1;0.1;100.0;100.0;0.1;0.0027500000000000003;0.1;0.1;0.0027500000000000003;0.0;0.0027500000000000003
2025-05-30 16:30:00+00:00;100.0;0.136;0.136;100.0;0.136;0.136;100.0;100.0;0.136;0.0037400000000000003;0.136;0.136;0.0037400000000000003;0.0;0.0037400000000000003
2025-05-30 16:45:00+00:00;100.0;0.088;0.088;100.0;0.088;0.088;100.0;100.0;0.088;0.00242;0.088;0.088;0.00242;0.0;0.00242
2025-05-30 17:00:00+00:00;100.0;0.084;0.084;100.0;0.084;0.084;100.0;100.0;0.084;0.00231;0.084;0.084;0.00231;0.0;0.00231
2025-05-30 17:15:00+00:00;100.0;0.152;0.152;100.0;0.152;0.152;100.0;100.0;0.152;0.00418;0.152;0.152;0.00418;0.0;0.00418
2025-05-30 17:30:00+00:00;100.0;0.124;0.124;100.0;0.124;0.124;100.0;100.0;0.124;0.00341;0.124;0.124;0.00341;0.0;0.00341
2025-05-30 17:45:00+00:00;100.0;0.108;0.108;100.0;0.108;0.108;100.0;100.0;0.108;0.00297;0.108;0.108;0.00297;0.0;0.00297
2025-05-30 18:00:00+00:00;100.0;0.08;0.08;100.0;0.08;0.08;100.0;100.0;0.08;0.0022;0.08;0.08;0.0022;0.0;0.0022
2025-05-30 18:15:00+00:00;100.0;0.088;0.088;100.0;0.088;0.088;100.0;100.0;0.088;0.00242;0.088;0.088;0.00242;0.0;0.00242
2025-05-30 18:30:00+00:00;100.0;0.112;0.112;100.0;0.112;0.112;100.0;100.0;0.112;0.0030800000000000003;0.112;0.112;0.0030800000000000003;0.0;0.0030800000000000003
2025-05-30 18:45:00+00:00;100.0;0.132;0.132;100.0;0.132;0.132;100.0;100.0;0.132;0.00363;0.132;0.132;0.00363;0.0;0.00363
2025-05-30 19:00:00+00:00;100.0;0.052;0.052;100.0;0.052;0.052;100.0;100.0;0.052;0.0014299999999999998;0.052;0.052;0.0014299999999999998;0.0;0.0014299999999999998
2025-05-30 19:15:00+00:00;;0.0;0.0;;0.0;0.0;;;;;;;;;
2025-05-30 19:30:00+00:00;;0.0;0.0;;0.0;0.0;;;;;;;;;
2025-05-30 19:45:00+00:00;;0.0;0.0;;0.0;0.0;;;;;;;;;
2025-05-30 20:00:00+00:00;;0.0;0.0;;0.0;0.0;;;;;;;;;
2025-05-30 20:15:00+00:00;;0.0;0.0;;0.0;0.0;;;;;;;;;
2025-05-30 20:30:00+00:00;;0.0;0.0;;0.0;0.0;;;;;;;;;
2025-05-30 20:45:00+00:00;;0.0;0.0;;0.0;0.0;;;;;;;;;
2025-05-30 21:00:00+00:00;;0.0;0.0;;0.0;0.0;;;;;;;;;
2025-05-30 21:15:00+00:00;;0.0;0.0;;0.0;0.0;;;;;;;;;
2025-05-30 21:30:00+00:00;;0.0;0.0;;0.0;0.0;;;;;;;;;
2025-05-30 21:45:00+00:00;;0.0;0.0;;0.0;0.0;;;;;;;;;
2025-05-30 22:00:00+00:00;;0.0;0.0;;0.0;0.0;;;;;;;;;
2025-05-30 22:15:00+00:00;;0.0;0.0;;0.0;0.0;;;;;;;;;
2025-05-30 22:30:00+00:00;;0.0;0.0;;0.0;0.0;;;;;;;;;
2025-05-30 22:45:00+00:00;;0.0;0.0;;0.0;0.0;;;;;;;;;
2025-05-30 23:00:00+00:00;;0.0;0.0;;0.0;0.0;;;;;;;;;
2025-05-30 23:15:00+00:00;;0.0;0.0;;0.0;0.0;;;;;;;;;
2025-05-30 23:30:00+00:00;;0.0;0.0;;0.0;0.0;;;;;;;;;
2025-05-30 23:45:00+00:00;;0.0;0.0;;0.0;0.0;;;;;;;;;
2025-05-31 00:00:00+00:00;;0.0;0.0;;0.0;0.0;;;;;;;;;
2025-05-31 00:15:00+00:00;;0.0;0.0;;0.0;0.0;;;;;;;;;
2025-05-31 00:30:00+00:00;;0.0;0.0;;0.0;0.0;;;;;;;;;
2025-05-31 00:45:00+00:00;;0.0;0.0;;0.0;0.0;;;;;;;;;
2025-05-31 01:00:00+00:00;;0.0;0.0;;0.0;0.0;;;;;;;;;
2025-05-31 01:15:00+00:00;;0.0;0.0;;0.0;0.0;;;;;;;;;
2025-05-31 01:30:00+00:00;;0.0;0.0;;0.0;0.0;;;;;;;;;
2025-05-31 01:45:00+00:00;;0.0;0.0;;0.0;0.0;;;;;;;;;
2025-05-31 02:00:00+00:00;;0.0;0.0;;0.0;0.0;;;;;;;;;
2025-05-31 02:15:00+00:00;;0.0;0.0;;0.0;0.0;;;;;;;;;
2025-05-31 02:30:00+00:00;;0.0;0.0;;0.0;0.0;;;;;;;;;
2025-05-31 02:45:00+00:00;;0.0;0.0;;0.0;0.0;;;;;;;;;
2025-05-31 03:00:00+00:00;;0.0;0.0;;0.0;0.0;;;;;;;;;
2025-05-31 03:15:00+00:00;;0.0;0.0;;0.0;0.0;;;;;;;;;
2025-05-31 03:30:00+00:00;;0.0;0.0;;0.0;0.0;;;;;;;;;
2025-05-31 03:45:00+00:00;;0.0;0.0;;0.0;0.0;;;;;;;;;
2025-05-31 04:00:00+00:00;100.0;0.048;0.048;100.0;0.048;0.048;100.0;100.0;0.048;0.00132;0.048;0.048;0.00132;0.0;0.00132
2025-05-31 04:15:00+00:00;100.0;0.096;0.096;100.0;0.096;0.096;100.0;100.0;0.096;0.00264;0.096;0.096;0.00264;0.0;0.00264
2025-05-31 04:30:00+00:00;100.0;0.092;0.092;100.0;0.092;0.092;100.0;100.0;0.092;0.00253;0.092;0.092;0.00253;0.0;0.00253
2025-05-31 04:45:00+00:00;100.0;0.088;0.088;100.0;0.088;0.088;100.0;100.0;0.088;0.00242;0.088;0.088;0.00242;0.0;0.00242
2025-05-31 05:00:00+00:00;100.0;0.112;0.112;100.0;0.112;0.112;100.0;100.0;0.112;0.0030800000000000003;0.112;0.112;0.0030800000000000003;0.0;0.0030800000000000003
2025-05-31 05:15:00+00:00;100.0;0.104;0.104;100.0;0.104;0.104;100.0;100.0;0.104;0.0028599999999999997;0.104;0.104;0.0028599999999999997;0.0;0.0028599999999999997
2025-05-31 05:30:00+00:00;100.0;0.096;0.096;100.0;0.096;0.096;100.0;100.0;0.096;0.00264;0.096;0.096;0.00264;0.0;0.00264
2025-05-31 05:45:00+00:00;100.0;0.144;0.144;100.0;0.144;0.144;100.0;100.0;0.144;0.00396;0.144;0.144;0.00396;0.0;0.00396
2025-05-31 06:00:00+00:00;100.0;0.108;0.108;100.0;0.108;0.108;100.0;100.0;0.108;0.00297;0.108;0.108;0.00297;0.0;0.00297
2025-05-31 06:15:00+00:00;100.0;0.112;0.112;100.0;0.112;0.112;100.0;100.0;0.112;0.0030800000000000003;0.112;0.112;0.0030800000000000003;0.0;0.0030800000000000003
2025-05-31 06:30:00+00:00;100.0;0.084;0.084;100.0;0.084;0.084;100.0;100.0;0.084;0.00231;0.084;0.084;0.00231;0.0;0.00231
2025-05-31 06:45:00+00:00;100.0;0.104;0.104;100.0;0.104;0.104;100.0;100.0;0.104;0.0028599999999999997;0.104;0.104;0.0028599999999999997;0.0;0.0028599999999999997
2025-05-31 07:00:00+00:00;100.0;0.104;0.104;100.0;0.104;0.104;100.0;100.0;0.104;0.0028599999999999997;0.104;0.104;0.0028599999999999997;0.0;0.0028599999999999997
2025-05-31 07:15:00+00:00;100.0;0.112;0.112;100.0;0.112;0.112;100.0;100.0;0.112;0.0030800000000000003;0.112;0.112;0.0030800000000000003;0.0;0.0030800000000000003
2025-05-31 07:30:00+00:00;100.0;0.14;0.14;100.0;0.14;0.14;100.0;100.0;0.14;0.0038500000000000006;0.14;0.14;0.0038500000000000006;0.0;0.0038500000000000006
2025-05-31 07:45:00+00:00;100.0;0.104;0.104;100.0;0.104;0.104;100.0;100.0;0.104;0.0028599999999999997;0.104;0.104;0.0028599999999999997;0.0;0.0028599999999999997
2025-05-31 08:00:00+00:00;100.0;0.104;0.104;100.0;0.104;0.104;100.0;100.0;0.104;0.0028599999999999997;0.104;0.104;0.0028599999999999997;0.0;0.0028599999999999997
2025-05-31 08:15:00+00:00;100.0;0.112;0.112;100.0;0.112;0.112;100.0;100.0;0.112;0.0030800000000000003;0.112;0.112;0.0030800000000000003;0.0;0.0030800000000000003
2025-05-31 08:30:00+00:00;100.0;0.096;0.096;100.0;0.096;0.096;100.0;100.0;0.096;0.00264;0.096;0.096;0.00264;0.0;0.00264
2025-05-31 08:45:00+00:00;100.0;0.084;0.084;100.0;0.084;0.084;100.0;100.0;0.084;0.00231;0.084;0.084;0.00231;0.0;0.00231
2025-05-31 09:00:00+00:00;100.0;0.116;0.116;100.0;0.116;0.116;100.0;100.0;0.116;0.00319;0.116;0.116;0.00319;0.0;0.00319
2025-05-31 09:15:00+00:00;100.0;0.112;0.112;100.0;0.112;0.112;100.0;100.0;0.112;0.0030800000000000003;0.112;0.112;0.0030800000000000003;0.0;0.0030800000000000003
2025-05-31 09:30:00+00:00;100.0;0.152;0.152;100.0;0.152;0.152;100.0;100.0;0.152;0.00418;0.152;0.152;0.00418;0.0;0.00418
2025-05-31 09:45:00+00:00;100.0;0.084;0.084;100.0;0.084;0.084;100.0;100.0;0.084;0.00231;0.084;0.084;0.00231;0.0;0.00231
2025-05-31 10:00:00+00:00;100.0;0.112;0.112;100.0;0.112;0.112;100.0;100.0;0.112;0.0030800000000000003;0.112;0.112;0.0030800000000000003;0.0;0.0030800000000000003
2025-05-31 10:15:00+00:00;100.0;0.112;0.112;100.0;0.112;0.112;100.0;100.0;0.112;0.0030800000000000003;0.112;0.112;0.0030800000000000003;0.0;0.0030800000000000003
2025-05-31 10:30:00+00:00;100.0;0.104;0.104;100.0;0.104;0.104;100.0;100.0;0.104;0.0028599999999999997;0.104;0.104;0.0028599999999999997;0.0;0.0028599999999999997
2025-05-31 10:45:00+00:00;100.0;0.084;0.084;100.0;0.084;0.084;100.0;100.0;0.084;0.00231;0.084;0.084;0.00231;0.0;0.00231
2025-05-31 11:00:00+00:00;100.0;0.108;0.108;100.0;0.108;0.108;100.0;100.0;0.108;0.00297;0.108;0.108;0.00297;0.0;0.00297
2025-05-31 11:15:00+00:00;100.0;0.136;0.136;100.0;0.136;0.136;100.0;100.0;0.136;0.0037400000000000003;0.136;0.136;0.0037400000000000003;0.0;0.0037400000000000003
2025-05-31 11:30:00+00:00;100.0;0.14;0.14;100.0;0.14;0.14;100.0;100.0;0.14;0.0038500000000000006;0.14;0.14;0.0038500000000000006;0.0;0.0038500000000000006
2025-05-31 11:45:00+00:00;100.0;0.08;0.08;100.0;0.08;0.08;100.0;100.0;0.08;0.0022;0.08;0.08;0.0022;0.0;0.0022
2025-05-31 12:00:00+00:00;100.0;0.104;0.104;100.0;0.104;0.104;100.0;100.0;0.104;0.0028599999999999997;0.104;0.104;0.0028599999999999997;0.0;0.0028599999999999997
2025-05-31 12:15:00+00:00;100.0;0.12;0.12;100.0;0.12;0.12;100.0;100.0;0.12;0.0033;0.12;0.12;0.0033;0.0;0.0033
2025-05-31 12:30:00+00:00;100.0;0.112;0.112;100.0;0.112;0.112;100.0;100.0;0.112;0.0030800000000000003;0.112;0.112;0.0030800000000000003;0.0;0.0030800000000000003
2025-05-31 12:45:00+00:00;100.0;0.008;0.008;100.0;0.008;0.008;100.0;100.0;0.008;0.00022;0.008;0.008;0.00022;0.0;0.00022
2025-05-31 13:00:00+00:00;;0.0;0.0;;0.0;0.0;;;;;;;;;
2025-05-31 13:15:00+00:00;100.0;0.18;0.18;100.0;0.18;0.18;100.0;100.0;0.18;0.0049499999999999995;0.18;0.18;0.0049499999999999995;0.0;0.0049499999999999995
2025-05-31 13:30:00+00:00;100.0;0.112;0.112;100.0;0.112;0.112;100.0;100.0;0.112;0.0030800000000000003;0.112;0.112;0.0030800000000000003;0.0;0.0030800000000000003
2025-05-31 13:45:00+00:00;100.0;0.112;0.112;100.0;0.112;0.112;100.0;100.0;0.112;0.0030800000000000003;0.112;0.112;0.0030800000000000003;0.0;0.0030800000000000003
2025-05-31 14:00:00+00:00;100.0;0.112;0.112;100.0;0.112;0.112;100.0;100.0;0.112;0.0030800000000000003;0.112;0.112;0.0030800000000000003;0.0;0.0030800000000000003
2025-05-31 14:15:00+00:00;100.0;0.136;0.136;100.0;0.136;0.136;100.0;100.0;0.136;0.0037400000000000003;0.136;0.136;0.0037400000000000003;0.0;0.0037400000000000003
2025-05-31 14:30:00+00:00;100.0;0.112;0.112;100.0;0.112;0.112;100.0;100.0;0.112;0.0030800000000000003;0.112;0.112;0.0030800000000000003;0.0;0.0030800000000000003
2025-05-31 14:45:00+00:00;100.0;0.112;0.112;100.0;0.112;0.112;100.0;100.0;0.112;0.0030800000000000003;0.112;0.112;0.0030800000000000003;0.0;0.0030800000000000003
2025-05-31 15:00:00+00:00;100.0;0.124;0.124;100.0;0.124;0.124;100.0;100.0;0.124;0.00341;0.124;0.124;0.00341;0.0;0.00341
2025-05-31 15:15:00+00:00;100.0;0.184;0.184;100.0;0.184;0.184;100.0;100.0;0.184;0.00506;0.184;0.184;0.00506;0.0;0.00506
2025-05-31 15:30:00+00:00;100.0;0.152;0.152;100.0;0.152;0.152;100.0;100.0;0.152;0.00418;0.152;0.152;0.00418;0.0;0.00418
2025-05-31 15:45:00+00:00;100.0;0.136;0.136;100.0;0.136;0.136;100.0;100.0;0.136;0.0037400000000000003;0.136;0.136;0.0037400000000000003;0.0;0.0037400000000000003
2025-05-31 16:00:00+00:00;100.0;0.132;0.132;100.0;0.132;0.132;100.0;100.0;0.132;0.00363;0.132;0.132;0.00363;0.0;0.00363
2025-05-31 16:15:00+00:00;100.0;0.38;0.38;100.0;0.38;0.38;100.0;100.0;0.38;0.010450000000000001;0.38;0.38;0.010450000000000001;0.0;0.010450000000000001
2025-05-31 16:30:00+00:00;100.0;0.176;0.176;100.0;0.176;0.176;100.0;100.0;0.176;0.00484;0.176;0.176;0.00484;0.0;0.00484
2025-05-31 16:45:00+00:00;100.0;0.06;0.06;100.0;0.06;0.06;100.0;100.0;0.06;0.00165;0.06;0.06;0.00165;0.0;0.00165
2025-05-31 17:00:00+00:00;100.0;0.136;0.136;100.0;0.136;0.136;100.0;100.0;0.136;0.0037400000000000003;0.136;0.136;0.0037400000000000003;0.0;0.0037400000000000003
2025-05-31 17:15:00+00:00;100.0;0.132;0.132;100.0;0.132;0.132;100.0;100.0;0.132;0.00363;0.132;0.132;0.00363;0.0;0.00363
2025-05-31 17:30:00+00:00;100.0;0.128;0.128;100.0;0.128;0.128;100.0;100.0;0.128;0.00352;0.128;0.128;0.00352;0.0;0.00352
2025-05-31 17:45:00+00:00;100.0;0.088;0.088;100.0;0.088;0.088;100.0;100.0;0.088;0.00242;0.088;0.088;0.00242;0.0;0.00242
2025-05-31 18:00:00+00:00;100.0;0.08;0.08;100.0;0.08;0.08;100.0;100.0;0.08;0.0022;0.08;0.08;0.0022;0.0;0.0022
2025-05-31 18:15:00+00:00;100.0;0.08;0.08;100.0;0.08;0.08;100.0;100.0;0.08;0.0022;0.08;0.08;0.0022;0.0;0.0022
2025-05-31 18:30:00+00:00;100.0;0.104;0.104;100.0;0.104;0.104;100.0;100.0;0.104;0.0028599999999999997;0.104;0.104;0.0028599999999999997;0.0;0.0028599999999999997
2025-05-31 18:45:00+00:00;;0.0;0.0;;0.0;0.0;;;;;;;;;
2025-05-31 19:00:00+00:00;;0.0;0.0;;0.0;0.0;;;;;;;;;
2025-05-31 19:15:00+00:00;;0.0;0.0;;0.0;0.0;;;;;;;;;
2025-05-31 19:30:00+00:00;;0.0;0.0;;0.0;0.0;;;;;;;;;
2025-05-31 19:45:00+00:00;;0.0;0.0;;0.0;0.0;;;;;;;;;
2025-05-31 20:00:00+00:00;;0.0;0.0;;0.0;0.0;;;;;;;;;
2025-05-31 20:15:00+00:00;;0.0;0.0;;0.0;0.0;;;;;;;;;
2025-05-31 20:30:00+00:00;;0.0;0.0;;0.0;0.0;;;;;;;;;
2025-05-31 20:45:00+00:00;;0.0;0.0;;0.0;0.0;;;;;;;;;
2025-05-31 21:00:00+00:00;;0.0;0.0;;0.0;0.0;;;;;;;;;
2025-05-31 21:15:00+00:00;;0.0;0.0;;0.0;0.0;;;;;;;;;
2025-05-31 21:30:00+00:00;;0.0;0.0;;0.0;0.0;;;;;;;;;
2025-05-31 21:45:00+00:00;;0.0;0.0;;0.0;0.0;;;;;;;;;
